site,species,n_images
a06,impala,340
a06,waterbuck,196
a06,warthog,145
a06,baboon,99
a06,oribi,98
a06,bird_other,89
a06,genet,50
a06,reedbuck,29
a06,wildebeest,21
a06,bushbuck,14
a06,bushpig,12
a06,vervet_monkey,11
a06,antelope,10
a06,kudu,10
a06,elephant,8
a06,buffalo,6
a06,civet,6
a06,guineafowl_helmeted,4
a06,bushbaby,3
a06,hare,2
a06,honey_badger,2
a06,mongoose_white_tailed,2
a06,porcupine,2
a06,reptile,2
a08,baboon,1806
a08,waterbuck,617
a08,warthog,227
a08,genet,216
a08,impala,184
a08,bushbuck,127
a08,elephant,73
a08,bird_other,52
a08,oribi,44
a08,bushpig,38
a08,reedbuck,32
a08,porcupine,23
a08,wildebeest,22
a08,guineafowl_helmeted,18
a08,honey_badger,16
a08,kudu,16
a08,rodent,14
a08,nyala,10
a08,civet,8
a08,pangolin,8
a08,antelope,7
a08,mongoose_banded,6
a08,mongoose_white_tailed,6
a08,sable_antelope,4
a08,samango_monkey,4
a08,ground_hornbill,2
a08,hare,2
a08,mongoose_dwarf,2
a08,duiker,1
a10,baboon,1350
a10,waterbuck,992
a10,nyala,840
a10,bushbuck,434
a10,impala,300
a10,warthog,178
a10,elephant,100
a10,vervet_monkey,98
a10,bushpig,90
a10,genet,56
a10,guineafowl_crested,56
a10,antelope,32
a10,porcupine,32
a10,mongoose_banded,28
a10,kudu,18
a10,civet,14
a10,buffalo,10
a10,bird_other,8
a10,mongoose_large_grey,8
a10,reedbuck,8
a10,guineafowl_helmeted,6
a10,sable_antelope,6
a10,duiker_red,2
a10,honey_badger,2
a10,mongoose_marsh,2
a10,samango_monkey,2
b05,hartebeest,415
b05,impala,376
b05,warthog,372
b05,waterbuck,254
b05,oribi,225
b05,baboon,154
b05,sable_antelope,151
b05,reedbuck,63
b05,buffalo,62
b05,wildebeest,58
b05,vervet_monkey,56
b05,elephant,51
b05,kudu,33
b05,aardvark,30
b05,bushbuck,25
b05,genet,20
b05,civet,18
b05,hare,17
b05,bushpig,16
b05,bird_other,11
b05,antelope,8
b05,duiker,6
b05,porcupine,5
b05,nyala,4
b05,eland,2
b05,mongoose_marsh,2
b05,mongoose_white_tailed,2
b05,serval,2
b07,wildebeest,2846
b07,impala,1757
b07,warthog,1042
b07,waterbuck,1012
b07,baboon,852
b07,nyala,298
b07,oribi,246
b07,bushbuck,164
b07,antelope,82
b07,kudu,61
b07,reedbuck,54
b07,elephant,44
b07,buffalo,42
b07,ground_hornbill,42
b07,mongoose_white_tailed,40
b07,civet,38
b07,hartebeest,33
b07,vervet_monkey,28
b07,bird_other,24
b07,duiker_common,24
b07,bushpig,22
b07,genet,22
b07,hare,20
b07,sable_antelope,11
b07,guineafowl_helmeted,10
b07,duiker,4
b07,lion,4
b07,aardvark,2
b07,duiker_red,2
b07,honey_badger,2
b07,mongoose_marsh,2
b09,baboon,1727
b09,impala,534
b09,warthog,353
b09,waterbuck,336
b09,genet,214
b09,nyala,170
b09,bushbuck,138
b09,hartebeest,133
b09,elephant,65
b09,vervet_monkey,60
b09,oribi,57
b09,guineafowl_helmeted,45
b09,porcupine,44
b09,antelope,42
b09,bushpig,40
b09,kudu,22
b09,bird_other,18
b09,civet,16
b09,sable_antelope,16
b09,samango_monkey,7
b09,buffalo,6
b09,reedbuck,6
b09,mongoose_large_grey,4
b09,mongoose_slender,4
b09,mongoose_white_tailed,4
b09,wildebeest,4
b09,bushbaby,2
b09,hare,2
b09,mongoose_marsh,2
b09,eland,1
c06,bushbuck,3286
c06,oribi,3106
c06,baboon,1353
c06,impala,1012
c06,warthog,816
c06,hartebeest,458
c06,duiker_common,322
c06,porcupine,254
c06,bushpig,160
c06,waterbuck,118
c06,reedbuck,92
c06,genet,90
c06,kudu,70
c06,elephant,69
c06,bird_other,68
c06,nyala,59
c06,aardvark,32
c06,antelope,24
c06,mongoose_marsh,16
c06,guineafowl_helmeted,14
c06,civet,12
c06,duiker_red,12
c06,duiker,11
c06,mongoose_large_grey,8
c06,sable_antelope,8
c06,buffalo,6
c06,hare,6
c06,honey_badger,6
c06,mongoose_slender,6
c06,samango_monkey,6
c06,mongoose_white_tailed,4
c06,eland,3
c06,guineafowl_crested,2
c06,mongoose_banded,2
c08,baboon,848
c08,impala,410
c08,nyala,369
c08,warthog,348
c08,waterbuck,315
c08,bushbuck,304
c08,genet,151
c08,bushpig,112
c08,oribi,108
c08,duiker_common,82
c08,elephant,68
c08,samango_monkey,62
c08,bird_other,45
c08,porcupine,43
c08,antelope,40
c08,vervet_monkey,30
c08,civet,28
c08,kudu,28
c08,hartebeest,18
c08,duiker_red,16
c08,honey_badger,14
c08,mongoose_slender,13
c08,guineafowl_helmeted,12
c08,buffalo,6
c08,bushbaby,6
c08,hare,6
c08,mongoose_white_tailed,6
c08,reedbuck,6
c08,sable_antelope,6
c08,mongoose_banded,4
c08,mongoose_bushy_tailed,4
c08,mongoose_marsh,4
c08,aardvark,2
c08,duiker,2
c08,serval,2
c08,wildebeest,2
d03,bushbuck,1597
d03,waterbuck,1240
d03,baboon,664
d03,warthog,184
d03,vervet_monkey,136
d03,impala,117
d03,bird_other,98
d03,genet,80
d03,porcupine,54
d03,elephant,48
d03,guineafowl_helmeted,46
d03,civet,44
d03,oribi,42
d03,kudu,38
d03,nyala,29
d03,buffalo,26
d03,bushpig,26
d03,honey_badger,25
d03,lion,16
d03,mongoose_marsh,12
d03,rodent,10
d03,antelope,7
d03,serval,6
d03,mongoose_banded,4
d03,duiker,2
d03,mongoose_large_grey,2
d03,mongoose_white_tailed,2
d03,reedbuck,2
d03,reptile,2
d03,sable_antelope,2
d03,hartebeest,1
d05,waterbuck,1643
d05,impala,1637
d05,baboon,1078
d05,warthog,836
d05,nyala,829
d05,bushbuck,404
d05,kudu,155
d05,elephant,132
d05,oribi,105
d05,porcupine,64
d05,antelope,53
d05,bushpig,35
d05,civet,35
d05,duiker,35
d05,bird_other,23
d05,vervet_monkey,21
d05,duiker_red,20
d05,genet,16
d05,sable_antelope,15
d05,samango_monkey,13
d05,hare,12
d05,ground_hornbill,10
d05,duiker_common,8
d05,mongoose_white_tailed,6
d05,reedbuck,6
d05,lion,5
d05,aardvark,4
d05,guineafowl,4
d05,guineafowl_crested,4
d05,mongoose_banded,4
d05,bushbaby,2
d05,guineafowl_helmeted,2
d05,pangolin,2
d05,serval,2
d07,impala,3972
d07,waterbuck,2478
d07,warthog,2433
d07,baboon,2025
d07,bushbuck,1274
d07,nyala,1133
d07,elephant,334
d07,kudu,317
d07,oribi,140
d07,reedbuck,106
d07,antelope,95
d07,sable_antelope,85
d07,porcupine,80
d07,hartebeest,71
d07,genet,68
d07,bushpig,54
d07,wildebeest,42
d07,vervet_monkey,34
d07,buffalo,32
d07,duiker_common,24
d07,bird_other,23
d07,civet,10
d07,hare,8
d07,mongoose_marsh,8
d07,guineafowl_helmeted,7
d07,bushbaby,4
d07,honey_badger,4
d07,lion,4
d07,mongoose_white_tailed,4
d07,aardvark,2
d07,duiker_red,2
d07,ground_hornbill,2
d07,mongoose_banded,2
d07,mongoose_slender,2
d07,duiker,1
d07,eland,1
d09,baboon,97
d09,warthog,33
d09,sable_antelope,12
d09,bushbuck,11
d09,genet,10
d09,hartebeest,9
d09,bushpig,8
d09,waterbuck,8
d09,oribi,6
d09,bird_other,4
d09,elephant,4
d09,porcupine,4
d09,reedbuck,3
d09,civet,2
d09,impala,2
d09,kudu,2
e02,impala,4125
e02,waterbuck,3675
e02,oribi,1732
e02,baboon,743
e02,warthog,635
e02,bushbuck,483
e02,reedbuck,427
e02,bird_other,133
e02,elephant,105
e02,antelope,94
e02,hare,94
e02,guineafowl_helmeted,72
e02,civet,40
e02,bushpig,24
e02,mongoose_marsh,23
e02,genet,18
e02,buffalo,14
e02,vervet_monkey,13
e02,kudu,12
e02,mongoose_bushy_tailed,11
e02,hippopotamus,9
e02,ground_hornbill,8
e02,duiker,6
e02,serval,6
e02,honey_badger,4
e02,lion,4
e02,mongoose_white_tailed,4
e02,wildebeest,4
e02,hartebeest,2
e02,mongoose_large_grey,2
e02,nyala,2
e04,impala,2093
e04,baboon,1555
e04,waterbuck,1272
e04,warthog,1009
e04,vervet_monkey,407
e04,bushbuck,294
e04,oribi,292
e04,guineafowl_helmeted,154
e04,bird_other,107
e04,genet,102
e04,elephant,97
e04,nyala,82
e04,reedbuck,80
e04,kudu,56
e04,civet,46
e04,porcupine,42
e04,antelope,41
e04,ground_hornbill,40
e04,bushpig,38
e04,guineafowl,19
e04,mongoose_white_tailed,10
e04,reptile,6
e04,aardvark,4
e04,hippopotamus,4
e04,honey_badger,4
e04,mongoose_banded,4
e04,buffalo,2
e04,duiker,2
e04,mongoose_marsh,2
e04,mongoose_slender,2
e04,sable_antelope,2
e06,waterbuck,1037
e06,baboon,857
e06,warthog,826
e06,bushbuck,751
e06,nyala,660
e06,impala,496
e06,kudu,269
e06,elephant,152
e06,oribi,151
e06,antelope,105
e06,bushpig,75
e06,reedbuck,52
e06,genet,46
e06,porcupine,28
e06,duiker_common,22
e06,civet,20
e06,mongoose_white_tailed,18
e06,bird_other,6
e06,sable_antelope,6
e06,ground_hornbill,4
e06,aardvark,2
e06,guineafowl_helmeted,2
e06,hare,2
e06,mongoose_marsh,2
e06,mongoose_slender,2
e06,duiker,1
e08,waterbuck,298
e08,bushbuck,135
e08,warthog,119
e08,impala,74
e08,antelope,53
e08,baboon,49
e08,hartebeest,44
e08,oribi,32
e08,bushpig,30
e08,nyala,22
e08,genet,20
e08,wildebeest,14
e08,buffalo,11
e08,sable_antelope,11
e08,reedbuck,8
e08,duiker_common,7
e08,elephant,7
e08,civet,4
e08,kudu,4
e08,duiker,3
e08,guineafowl_helmeted,2
e08,pangolin,2
e10,baboon,556
e10,warthog,229
e10,waterbuck,229
e10,bushbuck,145
e10,oribi,140
e10,reedbuck,135
e10,genet,108
e10,impala,102
e10,bird_other,73
e10,elephant,52
e10,antelope,37
e10,guineafowl_helmeted,34
e10,hartebeest,32
e10,bushpig,30
e10,kudu,20
e10,sable_antelope,16
e10,nyala,14
e10,civet,12
e10,wildebeest,8
e10,aardvark,4
e10,mongoose_white_tailed,4
e10,vervet_monkey,4
e10,duiker_common,2
e10,duiker_red,2
e10,honey_badger,2
e10,porcupine,2
e10,rodent,2
e10,serval,2
e10,eland,1
e12,baboon,861
e12,bushpig,364
e12,elephant,301
e12,warthog,276
e12,waterbuck,272
e12,bushbuck,184
e12,civet,22
e12,reedbuck,12
e12,vervet_monkey,12
e12,guineafowl_helmeted,10
e12,duiker,8
e12,hartebeest,6
e12,bird_other,4
e12,ground_hornbill,4
e12,porcupine,4
e12,mongoose_marsh,2
e12,rodent,2
e12,sable_antelope,2
f01,waterbuck,3467
f01,impala,3398
f01,warthog,2507
f01,baboon,1518
f01,bushbuck,754
f01,oribi,505
f01,reedbuck,154
f01,elephant,143
f01,antelope,140
f01,bushpig,90
f01,civet,62
f01,guineafowl_helmeted,37
f01,bird_other,26
f01,porcupine,26
f01,aardvark,24
f01,mongoose_white_tailed,20
f01,hare,14
f01,lion,12
f01,kudu,10
f01,wildebeest,10
f01,buffalo,8
f01,genet,8
f01,honey_badger,6
f01,vervet_monkey,6
f01,nyala,4
f01,mongoose_banded,2
f01,samango_monkey,2
f01,pangolin,1
f03,impala,1656
f03,baboon,862
f03,waterbuck,595
f03,warthog,457
f03,vervet_monkey,354
f03,bushbuck,319
f03,genet,134
f03,elephant,112
f03,rodent,108
f03,nyala,94
f03,bird_other,78
f03,guineafowl_helmeted,62
f03,oribi,61
f03,kudu,56
f03,civet,42
f03,bushpig,30
f03,antelope,28
f03,porcupine,10
f03,aardvark,6
f03,mongoose_slender,6
f03,reedbuck,6
f03,reptile,6
f03,buffalo,4
f03,ground_hornbill,4
f03,mongoose_banded,4
f03,honey_badger,2
f03,pangolin,2
f03,samango_monkey,2
f05,warthog,598
f05,impala,384
f05,waterbuck,317
f05,baboon,310
f05,nyala,153
f05,genet,66
f05,bushbuck,59
f05,bird_other,49
f05,oribi,46
f05,antelope,43
f05,vervet_monkey,40
f05,porcupine,30
f05,bushpig,19
f05,kudu,16
f05,mongoose_marsh,14
f05,civet,10
f05,elephant,9
f05,guineafowl_helmeted,8
f05,buffalo,4
f05,honey_badger,4
f05,aardvark,3
f05,duiker,2
f05,duiker_red,2
f05,mongoose_white_tailed,2
f05,reptile,2
f05,rodent,2
f05,mongoose_large_grey,1
f07,baboon,2997
f07,waterbuck,2568
f07,impala,1765
f07,warthog,1088
f07,kudu,622
f07,nyala,486
f07,oribi,371
f07,bushbuck,341
f07,elephant,230
f07,hartebeest,179
f07,genet,134
f07,bushpig,102
f07,antelope,91
f07,buffalo,90
f07,wildebeest,88
f07,sable_antelope,68
f07,reedbuck,66
f07,civet,60
f07,porcupine,40
f07,ground_hornbill,37
f07,mongoose_white_tailed,26
f07,honey_badger,22
f07,bird_other,18
f07,hare,12
f07,bushbaby,6
f07,mongoose_large_grey,6
f07,aardvark,4
f07,duiker_common,4
f07,mongoose_marsh,2
f07,reptile,2
f09,warthog,42
f09,bushbuck,37
f09,kudu,32
f09,waterbuck,26
f09,elephant,24
f09,baboon,16
f09,genet,15
f09,reedbuck,15
f09,porcupine,10
f09,wildebeest,10
f09,bird_other,6
f09,sable_antelope,6
f09,honey_badger,5
f09,impala,3
f09,antelope,2
f09,civet,2
f09,mongoose_slender,2
f09,oribi,2
f09,guineafowl_helmeted,1
f11,baboon,600
f11,bushbuck,296
f11,warthog,268
f11,waterbuck,234
f11,oribi,115
f11,sable_antelope,105
f11,impala,104
f11,hartebeest,95
f11,kudu,87
f11,elephant,81
f11,antelope,67
f11,reedbuck,67
f11,genet,34
f11,bushpig,30
f11,aardvark,20
f11,civet,18
f11,nyala,14
f11,buffalo,10
f11,ground_hornbill,8
f11,duiker_common,6
f11,guineafowl_helmeted,6
f11,bird_other,4
f11,duiker,4
f11,mongoose_marsh,4
f11,mongoose_white_tailed,4
f11,porcupine,4
f11,hippopotamus,2
f11,mongoose_large_grey,2
f11,serval,2
f11,wildebeest,2
g02,baboon,1971
g02,impala,1699
g02,waterbuck,1084
g02,warthog,979
g02,bushbuck,422
g02,vervet_monkey,296
g02,guineafowl_helmeted,234
g02,oribi,206
g02,genet,190
g02,civet,158
g02,mongoose_marsh,58
g02,samango_monkey,56
g02,bird_other,34
g02,elephant,22
g02,mongoose_white_tailed,18
g02,kudu,14
g02,lion,14
g02,mongoose_slender,12
g02,aardvark,8
g02,antelope,8
g02,bushpig,6
g02,buffalo,4
g02,bushbaby,4
g02,hare,4
g02,mongoose_large_grey,4
g02,honey_badger,2
g02,mongoose_banded,2
g02,nyala,2
g02,porcupine,2
g04,baboon,996
g04,waterbuck,861
g04,impala,655
g04,warthog,645
g04,vervet_monkey,308
g04,oribi,256
g04,bushbuck,195
g04,guineafowl_helmeted,109
g04,elephant,46
g04,civet,36
g04,nyala,30
g04,bird_other,26
g04,genet,24
g04,mongoose_marsh,24
g04,bushpig,22
g04,antelope,21
g04,reedbuck,17
g04,mongoose_white_tailed,16
g04,kudu,14
g04,aardvark,12
g04,reptile,6
g04,honey_badger,3
g04,samango_monkey,3
g04,mongoose_large_grey,2
g04,porcupine,2
g04,wildebeest,2
g04,duiker,1
g06,baboon,2413
g06,warthog,1159
g06,waterbuck,941
g06,impala,819
g06,nyala,451
g06,bushpig,434
g06,bushbuck,281
g06,genet,217
g06,mongoose_slender,99
g06,oribi,66
g06,elephant,61
g06,guineafowl_helmeted,60
g06,mongoose_dwarf,49
g06,civet,40
g06,kudu,38
g06,bird_other,29
g06,porcupine,28
g06,mongoose_banded,26
g06,vervet_monkey,26
g06,antelope,25
g06,sable_antelope,18
g06,aardvark,12
g06,buffalo,12
g06,hippopotamus,8
g06,mongoose_bushy_tailed,8
g06,mongoose_white_tailed,8
g06,reedbuck,6
g06,wildebeest,6
g06,honey_badger,4
g06,mongoose_marsh,4
g06,hartebeest,3
g06,pangolin,3
g06,duiker_common,2
g06,duiker_red,2
g06,samango_monkey,2
g08,baboon,1334
g08,waterbuck,1130
g08,bushbuck,744
g08,warthog,336
g08,genet,250
g08,mongoose_marsh,182
g08,nyala,142
g08,impala,120
g08,oribi,94
g08,civet,92
g08,elephant,90
g08,antelope,89
g08,bushpig,80
g08,kudu,80
g08,wildebeest,68
g08,bird_other,62
g08,lion,32
g08,buffalo,28
g08,aardvark,20
g08,rodent,20
g08,ground_hornbill,12
g08,guineafowl_helmeted,12
g08,mongoose_large_grey,12
g08,pangolin,11
g08,vervet_monkey,10
g08,honey_badger,9
g08,mongoose_bushy_tailed,8
g08,porcupine,8
g08,mongoose_banded,6
g08,mongoose_white_tailed,6
g08,reedbuck,6
g08,reptile,6
g08,duiker,4
g08,eland,3
g08,sable_antelope,2
g08,serval,2
g10,baboon,3100
g10,duiker_red,419
g10,waterbuck,371
g10,bushbuck,335
g10,genet,261
g10,nyala,254
g10,elephant,201
g10,warthog,137
g10,bushpig,87
g10,civet,78
g10,vervet_monkey,55
g10,bird_other,54
g10,kudu,54
g10,sable_antelope,48
g10,ground_hornbill,35
g10,impala,15
g10,porcupine,14
g10,antelope,13
g10,oribi,12
g10,guineafowl_helmeted,10
g10,mongoose_bushy_tailed,10
g10,guineafowl_crested,8
g10,mongoose_marsh,8
g10,reptile,6
g10,aardvark,4
g10,mongoose_large_grey,4
g10,mongoose_slender,4
g10,mongoose_white_tailed,4
g10,hartebeest,2
g10,samango_monkey,2
g10,serval,2
g12,baboon,2504
g12,waterbuck,787
g12,bushbuck,418
g12,warthog,289
g12,civet,241
g12,nyala,216
g12,elephant,170
g12,impala,164
g12,genet,151
g12,duiker,140
g12,porcupine,81
g12,hartebeest,60
g12,bushpig,52
g12,duiker_red,43
g12,kudu,40
g12,antelope,33
g12,guineafowl_helmeted,30
g12,bird_other,27
g12,sable_antelope,19
g12,oribi,16
g12,mongoose_slender,12
g12,reedbuck,9
g12,mongoose_marsh,7
g12,honey_badger,6
g12,samango_monkey,6
g12,buffalo,4
g12,bushbaby,4
g12,mongoose_large_grey,3
g12,ground_hornbill,2
g12,guineafowl,2
g12,mongoose_banded,2
g12,mongoose_bushy_tailed,2
g12,mongoose_white_tailed,2
h03,waterbuck,8346
h03,impala,6289
h03,warthog,4129
h03,baboon,2816
h03,oribi,648
h03,elephant,476
h03,civet,310
h03,bushbuck,294
h03,buffalo,292
h03,antelope,138
h03,genet,70
h03,vervet_monkey,50
h03,bird_other,36
h03,guineafowl_helmeted,32
h03,kudu,20
h03,hippopotamus,18
h03,bushpig,16
h03,honey_badger,16
h03,lion,14
h03,aardvark,8
h03,reedbuck,7
h03,ground_hornbill,6
h03,mongoose_large_grey,6
h03,nyala,4
h03,porcupine,4
h03,mongoose_marsh,2
h03,pangolin,2
h03,reptile,2
h05,impala,6117
h05,baboon,3877
h05,waterbuck,3483
h05,warthog,1706
h05,bushbuck,628
h05,oribi,314
h05,kudu,240
h05,vervet_monkey,222
h05,elephant,216
h05,antelope,161
h05,civet,137
h05,bird_other,85
h05,ground_hornbill,50
h05,nyala,34
h05,bushpig,32
h05,mongoose_white_tailed,22
h05,guineafowl_helmeted,20
h05,genet,14
h05,reedbuck,14
h05,hippopotamus,11
h05,buffalo,8
h05,honey_badger,8
h05,lion,6
h05,mongoose_marsh,4
h05,duiker,3
h05,aardvark,2
h05,bushbaby,2
h05,eland,2
h05,hare,2
h05,porcupine,2
h05,wildebeest,2
h05,hartebeest,1
h07,bushbuck,531
h07,warthog,502
h07,waterbuck,450
h07,baboon,403
h07,nyala,207
h07,impala,178
h07,elephant,102
h07,bird_other,92
h07,genet,70
h07,antelope,58
h07,bushpig,58
h07,civet,55
h07,oribi,41
h07,kudu,22
h07,reedbuck,20
h07,hare,12
h07,mongoose_white_tailed,12
h07,mongoose_marsh,7
h07,honey_badger,6
h07,porcupine,6
h07,guineafowl_helmeted,4
h07,hartebeest,4
h07,aardvark,2
h07,mongoose_large_grey,2
h07,mongoose_slender,2
h07,pangolin,2
h07,reptile,2
h09,baboon,1233
h09,waterbuck,1105
h09,warthog,835
h09,bushbuck,289
h09,reedbuck,209
h09,kudu,106
h09,elephant,77
h09,genet,71
h09,bird_other,60
h09,sable_antelope,56
h09,buffalo,48
h09,porcupine,45
h09,nyala,30
h09,oribi,27
h09,guineafowl_helmeted,26
h09,civet,25
h09,antelope,21
h09,mongoose_marsh,16
h09,bushpig,10
h09,mongoose_slender,6
h09,aardvark,4
h09,hartebeest,4
h09,impala,3
h09,duiker_red,2
h09,mongoose_dwarf,2
h09,vervet_monkey,2
h11,baboon,1947
h11,bird_other,326
h11,bushbuck,312
h11,elephant,192
h11,genet,158
h11,waterbuck,128
h11,porcupine,68
h11,bushpig,45
h11,warthog,34
h11,buffalo,30
h11,antelope,22
h11,oribi,20
h11,sable_antelope,20
h11,vervet_monkey,18
h11,kudu,16
h11,civet,11
h11,nyala,8
h11,guineafowl_helmeted,5
h11,mongoose_marsh,4
h11,reptile,4
h11,honey_badger,2
h11,mongoose_banded,2
h11,mongoose_slender,2
h11,reedbuck,2
h13,baboon,122
h13,genet,26
h13,bird_other,24
h13,elephant,14
h13,kudu,14
h13,bushbuck,12
h13,impala,12
h13,mongoose_bushy_tailed,12
h13,warthog,12
h13,waterbuck,12
h13,mongoose_marsh,8
h13,bushbaby,6
h13,civet,6
h13,ground_hornbill,6
h13,guineafowl_helmeted,4
h13,bushpig,2
h13,duiker_common,2
h13,duiker_red,2
h13,mongoose_dwarf,2
h13,porcupine,2
i04,waterbuck,8276
i04,warthog,4801
i04,baboon,2890
i04,bushbuck,1696
i04,impala,810
i04,oribi,515
i04,elephant,493
i04,porcupine,236
i04,bushpig,216
i04,reedbuck,145
i04,buffalo,118
i04,guineafowl_helmeted,62
i04,aardvark,56
i04,civet,50
i04,hare,43
i04,antelope,34
i04,hippopotamus,34
i04,lion,33
i04,honey_badger,18
i04,bird_other,17
i04,serval,15
i04,mongoose_large_grey,10
i04,duiker,8
i04,genet,4
i04,mongoose_marsh,4
i04,mongoose_white_tailed,4
i06,waterbuck,940
i06,warthog,795
i06,baboon,655
i06,impala,564
i06,oribi,472
i06,bushbuck,324
i06,reedbuck,216
i06,civet,74
i06,genet,68
i06,elephant,55
i06,mongoose_marsh,42
i06,honey_badger,22
i06,antelope,10
i06,buffalo,8
i06,guineafowl_helmeted,8
i06,hare,8
i06,kudu,6
i06,lion,6
i06,vervet_monkey,4
i06,bird_other,3
i06,eland,3
i06,mongoose_slender,2
i06,mongoose_white_tailed,2
i06,pangolin,2
i06,reptile,2
i06,nyala,1
i08,waterbuck,1366
i08,baboon,1260
i08,warthog,1024
i08,bushbuck,341
i08,genet,280
i08,impala,276
i08,nyala,136
i08,elephant,122
i08,guineafowl_helmeted,108
i08,porcupine,96
i08,vervet_monkey,70
i08,bushpig,68
i08,kudu,68
i08,oribi,64
i08,civet,59
i08,antelope,58
i08,honey_badger,32
i08,reedbuck,26
i08,sable_antelope,24
i08,bird_other,22
i08,aardvark,18
i08,ground_hornbill,8
i08,mongoose_banded,6
i08,mongoose_large_grey,6
i08,buffalo,4
i08,bushbaby,4
i08,mongoose_dwarf,4
i08,mongoose_marsh,4
i08,mongoose_slender,2
i08,reptile,2
i08,serval,2
i08,duiker,1
i08,hippopotamus,1
i10,waterbuck,888
i10,baboon,698
i10,warthog,461
i10,nyala,275
i10,bushbuck,246
i10,elephant,96
i10,genet,86
i10,buffalo,83
i10,impala,69
i10,oribi,67
i10,sable_antelope,60
i10,kudu,50
i10,bushpig,33
i10,porcupine,25
i10,civet,22
i10,guineafowl_helmeted,22
i10,antelope,20
i10,vervet_monkey,16
i10,bird_other,14
i10,mongoose_banded,14
i10,mongoose_bushy_tailed,10
i10,duiker,7
i10,honey_badger,7
i10,guineafowl,6
i10,wildebeest,6
i10,aardvark,5
i10,reptile,4
i10,duiker_red,2
i10,hare,2
i10,serval,2
i10,bushbaby,1
i10,pangolin,1
i12,baboon,901
i12,impala,342
i12,bushbuck,336
i12,waterbuck,303
i12,elephant,264
i12,warthog,235
i12,genet,102
i12,buffalo,51
i12,guineafowl_helmeted,38
i12,civet,34
i12,bird_other,32
i12,bushpig,26
i12,kudu,23
i12,oribi,23
i12,nyala,22
i12,antelope,18
i12,vervet_monkey,18
i12,hartebeest,10
i12,porcupine,10
i12,reedbuck,8
i12,sable_antelope,8
i12,mongoose_marsh,7
i12,mongoose_white_tailed,6
i12,rodent,6
i12,duiker,4
i12,hare,4
i12,honey_badger,3
i12,bushbaby,2
i12,mongoose_banded,2
i12,reptile,2
i12,serval,2
i12,eland,1
i12,hippopotamus,1
i12,samango_monkey,1
i14,baboon,726
i14,genet,268
i14,bushbuck,144
i14,vervet_monkey,122
i14,oribi,88
i14,warthog,66
i14,impala,62
i14,waterbuck,48
i14,civet,46
i14,elephant,38
i14,mongoose_marsh,34
i14,bushpig,27
i14,bird_other,13
i14,antelope,10
i14,kudu,8
i14,mongoose_banded,8
i14,reedbuck,8
i14,mongoose_slender,4
i14,honey_badger,3
i14,ground_hornbill,2
i14,guineafowl_helmeted,2
i14,hartebeest,2
j03,waterbuck,8781
j03,impala,1352
j03,baboon,1010
j03,bushbuck,691
j03,oribi,226
j03,warthog,182
j03,elephant,82
j03,genet,72
j03,guineafowl_helmeted,64
j03,antelope,42
j03,civet,42
j03,porcupine,28
j03,bird_other,24
j03,mongoose_large_grey,10
j03,bushpig,8
j03,mongoose_marsh,6
j03,mongoose_white_tailed,6
j03,duiker_common,2
j03,reedbuck,2
j03,serval,2
j03,vervet_monkey,2
j05,baboon,1385
j05,waterbuck,800
j05,warthog,672
j05,bushbuck,469
j05,genet,392
j05,bird_other,120
j05,elephant,100
j05,mongoose_slender,88
j05,bushpig,86
j05,impala,56
j05,mongoose_banded,56
j05,hare,52
j05,porcupine,40
j05,vervet_monkey,31
j05,civet,26
j05,reedbuck,26
j05,honey_badger,24
j05,guineafowl_helmeted,18
j05,oribi,18
j05,buffalo,14
j05,mongoose_large_grey,14
j05,antelope,5
j05,mongoose_marsh,4
j05,hippopotamus,3
j05,aardvark,2
j05,lion,2
j05,mongoose_white_tailed,2
j05,reptile,2
j05,duiker,1
j05,nyala,1
j07,warthog,3514
j07,waterbuck,2740
j07,bushbuck,708
j07,baboon,620
j07,oribi,177
j07,impala,124
j07,buffalo,78
j07,elephant,63
j07,bushpig,61
j07,antelope,38
j07,kudu,34
j07,eland,17
j07,reedbuck,9
j07,civet,8
j07,genet,8
j07,mongoose_large_grey,8
j07,honey_badger,6
j07,bird_other,4
j07,duiker,4
j07,ground_hornbill,4
j07,mongoose_marsh,4
j07,nyala,4
j07,porcupine,4
j07,bushbaby,2
j09,baboon,417
j09,waterbuck,274
j09,bushbuck,263
j09,warthog,246
j09,bird_other,225
j09,genet,191
j09,elephant,88
j09,civet,40
j09,nyala,27
j09,sable_antelope,26
j09,bushpig,24
j09,antelope,18
j09,mongoose_large_grey,13
j09,mongoose_bushy_tailed,10
j09,oribi,10
j09,vervet_monkey,8
j09,bushbaby,6
j09,duiker_common,6
j09,kudu,4
j09,mongoose_marsh,4
j09,buffalo,2
j09,guineafowl_helmeted,2
j09,honey_badger,2
j09,impala,2
j09,mongoose_slender,2
j09,porcupine,2
j09,reedbuck,2
j09,reptile,2
j11,baboon,2247
j11,waterbuck,472
j11,bushbuck,469
j11,warthog,222
j11,nyala,220
j11,porcupine,158
j11,genet,104
j11,elephant,66
j11,kudu,44
j11,guineafowl_helmeted,42
j11,sable_antelope,38
j11,civet,22
j11,ground_hornbill,22
j11,mongoose_bushy_tailed,19
j11,bird_other,18
j11,mongoose_banded,14
j11,oribi,12
j11,duiker_red,10
j11,impala,10
j11,honey_badger,9
j11,bushpig,8
j11,duiker,6
j11,antelope,4
j11,mongoose_marsh,4
j11,aardvark,2
j11,duiker_common,2
j11,mongoose_white_tailed,2
j11,pangolin,2
j13,baboon,3363
j13,waterbuck,1320
j13,warthog,1106
j13,impala,793
j13,bushbuck,674
j13,oribi,444
j13,genet,438
j13,elephant,282
j13,buffalo,204
j13,nyala,130
j13,sable_antelope,126
j13,civet,114
j13,bird_other,81
j13,antelope,52
j13,kudu,50
j13,bushpig,40
j13,mongoose_marsh,38
j13,mongoose_white_tailed,36
j13,porcupine,33
j13,guineafowl_helmeted,24
j13,reedbuck,18
j13,honey_badger,14
j13,pangolin,14
j13,bushbaby,10
j13,duiker_common,10
j13,mongoose_bushy_tailed,6
j13,mongoose_slender,4
j13,reptile,4
j13,serval,4
j13,vervet_monkey,4
j13,duiker,3
j13,eland,1
j13,hartebeest,1
k04,waterbuck,7719
k04,bushbuck,1527
k04,warthog,1452
k04,baboon,1305
k04,impala,637
k04,elephant,278
k04,civet,102
k04,oribi,76
k04,antelope,48
k04,guineafowl_helmeted,43
k04,genet,42
k04,bird_other,36
k04,porcupine,36
k04,buffalo,28
k04,aardvark,20
k04,bushpig,14
k04,mongoose_large_grey,6
k04,serval,6
k04,hare,5
k04,mongoose_marsh,4
k04,ground_hornbill,2
k04,hippopotamus,2
k04,honey_badger,2
k04,lion,2
k04,mongoose_white_tailed,2
k06,waterbuck,16570
k06,baboon,9184
k06,warthog,8122
k06,bushbuck,3987
k06,impala,1383
k06,genet,832
k06,elephant,533
k06,civet,522
k06,vervet_monkey,298
k06,porcupine,252
k06,antelope,192
k06,kudu,120
k06,guineafowl_helmeted,114
k06,buffalo,82
k06,bird_other,58
k06,bushpig,58
k06,honey_badger,56
k06,oribi,46
k06,eland,39
k06,ground_hornbill,28
k06,aardvark,18
k06,reptile,16
k06,duiker_common,12
k06,nyala,12
k06,mongoose_banded,10
k06,lion,8
k06,mongoose_marsh,8
k06,samango_monkey,6
k06,bushbaby,2
k06,mongoose_slender,2
k06,mongoose_white_tailed,2
k06,reedbuck,2
k08,warthog,1695
k08,baboon,1369
k08,waterbuck,1313
k08,bushbuck,581
k08,impala,454
k08,bird_other,399
k08,elephant,178
k08,oribi,160
k08,genet,93
k08,buffalo,78
k08,kudu,71
k08,nyala,67
k08,civet,52
k08,antelope,33
k08,reedbuck,16
k08,eland,14
k08,ground_hornbill,10
k08,guineafowl_helmeted,8
k08,serval,8
k08,bushpig,6
k08,duiker_red,4
k08,mongoose_marsh,4
k08,vervet_monkey,3
k08,aardvark,2
k08,duiker,2
k08,honey_badger,2
k08,lion,2
k08,mongoose_banded,2
k08,mongoose_large_grey,2
k08,reptile,2
k10,duiker_red,922
k10,baboon,747
k10,nyala,663
k10,waterbuck,530
k10,warthog,424
k10,elephant,207
k10,bushbuck,174
k10,genet,145
k10,bushpig,132
k10,vervet_monkey,102
k10,mongoose_bushy_tailed,49
k10,civet,47
k10,antelope,46
k10,rodent,37
k10,porcupine,20
k10,bird_other,18
k10,mongoose_marsh,18
k10,mongoose_banded,16
k10,guineafowl_helmeted,12
k10,honey_badger,11
k10,sable_antelope,7
k10,ground_hornbill,4
k10,kudu,4
k10,mongoose_large_grey,4
k10,mongoose_slender,2
k10,oribi,2
k10,pangolin,2
k10,reedbuck,2
k10,reptile,2
k12,baboon,175
k12,genet,135
k12,warthog,72
k12,nyala,71
k12,elephant,52
k12,waterbuck,49
k12,bushbuck,46
k12,impala,32
k12,civet,18
k12,buffalo,16
k12,mongoose_white_tailed,14
k12,porcupine,14
k12,sable_antelope,14
k12,kudu,12
k12,mongoose_bushy_tailed,12
k12,antelope,10
k12,bird_other,8
k12,duiker_red,8
k12,guineafowl_helmeted,8
k12,mongoose_slender,6
k12,vervet_monkey,6
k12,bushpig,4
k12,honey_badger,4
k12,mongoose_large_grey,4
k12,reptile,4
k12,mongoose_banded,2
k12,duiker,1
l05,warthog,5371
l05,waterbuck,2239
l05,baboon,1934
l05,bushbuck,1826
l05,porcupine,908
l05,civet,380
l05,elephant,362
l05,bird_other,330
l05,buffalo,182
l05,genet,162
l05,bushpig,104
l05,hare,62
l05,antelope,54
l05,oribi,48
l05,impala,36
l05,guineafowl_helmeted,34
l05,serval,30
l05,mongoose_marsh,28
l05,aardvark,24
l05,mongoose_large_grey,22
l05,reedbuck,12
l05,lion,10
l05,honey_badger,8
l05,mongoose_banded,8
l05,eland,7
l05,mongoose_white_tailed,6
l05,ground_hornbill,2
l05,kudu,2
l05,nyala,2
l05,reptile,2
l07,baboon,4173
l07,warthog,3732
l07,waterbuck,3621
l07,bushbuck,1611
l07,elephant,894
l07,buffalo,221
l07,bird_other,153
l07,vervet_monkey,141
l07,hare,126
l07,porcupine,103
l07,genet,70
l07,bushpig,62
l07,civet,43
l07,reedbuck,42
l07,antelope,34
l07,honey_badger,29
l07,oribi,17
l07,mongoose_banded,16
l07,mongoose_marsh,16
l07,eland,14
l07,guineafowl_helmeted,12
l07,nyala,11
l07,mongoose_white_tailed,3
l07,serval,3
l07,bushbaby,2
l07,lion,2
l07,aardvark,1
l07,kudu,1
l09,bushbuck,1004
l09,baboon,716
l09,warthog,282
l09,waterbuck,94
l09,bushpig,82
l09,genet,66
l09,elephant,38
l09,porcupine,38
l09,mongoose_bushy_tailed,32
l09,bird_other,20
l09,impala,20
l09,vervet_monkey,18
l09,oribi,16
l09,nyala,12
l09,mongoose_slender,10
l09,mongoose_large_grey,6
l09,antelope,4
l09,bushbaby,4
l09,reptile,4
l11,bushbuck,1712
l11,warthog,1500
l11,baboon,1487
l11,waterbuck,862
l11,nyala,447
l11,elephant,254
l11,kudu,208
l11,genet,100
l11,vervet_monkey,74
l11,impala,72
l11,civet,54
l11,porcupine,41
l11,antelope,38
l11,bushpig,30
l11,oribi,28
l11,mongoose_banded,20
l11,mongoose_bushy_tailed,20
l11,bird_other,10
l11,guineafowl_helmeted,10
l11,mongoose_slender,10
l11,hare,8
l11,sable_antelope,6
l11,bushbaby,4
l11,ground_hornbill,4
l11,honey_badger,4
l11,mongoose_marsh,4
l11,reptile,4
l11,wildebeest,4
l11,buffalo,2
l11,duiker,2
l11,duiker_red,2
l11,rodent,2
l11,samango_monkey,2
l11,eland,1
l13,baboon,330
l13,bushbuck,110
l13,nyala,66
l13,genet,56
l13,warthog,55
l13,elephant,42
l13,vervet_monkey,42
l13,mongoose_bushy_tailed,38
l13,waterbuck,29
l13,bushpig,27
l13,bushbaby,16
l13,porcupine,16
l13,civet,14
l13,mongoose_slender,14
l13,antelope,8
l13,duiker_red,8
l13,aardvark,7
l13,bird_other,4
l13,guineafowl_helmeted,4
l13,honey_badger,4
l13,impala,4
l13,mongoose_banded,4
l13,mongoose_marsh,4
l13,sable_antelope,4
m08,waterbuck,1711
m08,baboon,1424
m08,warthog,1369
m08,bushbuck,772
m08,elephant,156
m08,impala,113
m08,bushpig,92
m08,porcupine,63
m08,oribi,60
m08,reedbuck,43
m08,vervet_monkey,31
m08,honey_badger,27
m08,antelope,22
m08,genet,14
m08,hare,14
m08,bird_other,13
m08,bushbaby,12
m08,eland,11
m08,duiker,8
m08,kudu,8
m08,guineafowl_helmeted,6
m08,mongoose_marsh,6
m08,nyala,6
m08,sable_antelope,6
m08,civet,4
m08,serval,4
m08,hartebeest,2
m08,lion,2
m08,mongoose_banded,2
m08,mongoose_slender,2
m08,mongoose_white_tailed,2
m10,baboon,2263
m10,warthog,1920
m10,waterbuck,1657
m10,bushbuck,1343
m10,buffalo,260
m10,elephant,200
m10,oribi,155
m10,vervet_monkey,150
m10,kudu,77
m10,hare,66
m10,bushpig,45
m10,aardvark,44
m10,civet,40
m10,porcupine,34
m10,reedbuck,32
m10,antelope,28
m10,eland,27
m10,impala,26
m10,genet,12
m10,honey_badger,8
m10,mongoose_banded,8
m10,duiker,4
m10,ground_hornbill,2
m10,mongoose_marsh,2
m10,nyala,2
m10,serval,2
